Model,Accuracy,Precision,Recall,F1 Score,ROC-AUC
Logistic Regression,0.8280294392038976,0.3756779902940337,0.5378013894564774,0.4423529411764706,0.757535602096311
Random Forest,0.8954597284129782,0.7184959349593496,0.2889252145484266,0.4121247449723113,0.7555608107768833
