customer_segment,customer_count,avg_recency,avg_frequency,avg_monetary
At Risk Customer,22971,451.7432414783858,1.0112750859779722,160.57274824779068
High Value Customer,1771,213.33427442123093,2.155844155844156,415.4564201016375
One-Time Customer,67818,167.00378955439558,1.0,160.68574213335694
Repeat Customer,790,167.10379746835443,2.030379746835443,125.83198734177216
