cluster,customer_count,avg_recency,avg_frequency,avg_monetary
0,50636,128.0821352397504,1.0,134.35521308950155
1,37524,387.4102174608251,1.0,133.45611022279076
2,2418,239.3982630272953,1.0128205128205128,1160.9063440860216
3,2772,220.4440836940837,2.1143578643578644,289.6802525252525
