is_late,total_orders,avg_review_score,avg_delay_days,avg_delivery_days,delivery_status
0,89936,4.294477925042994,-13.510262853584772,10.53968377512898,On Time
1,6534,2.335705540250995,10.620140801958984,33.48852157943067,Late
