Model,Accuracy,Precision,Recall,F1 Score,ROC-AUC
Logistic Regression,0.6545558204623199,0.11563845050215207,0.6166794185156848,0.1947565543071161,0.6925228536855808
Random Forest,0.9325178812065927,0.5641025641025641,0.016832440703902066,0.03268945022288262,0.7573409836203645
