payment_type,total_orders,total_revenue,avg_order_value,avg_review_score
credit_card,73934,12231730.59,165.44121229745448,4.1616622032263
boleto,19191,2769932.58,144.33497889635768,4.161742483455787
voucher,1861,211402.8,113.59634605051048,4.104155471968475
debit_card,1483,208016.88,140.26761968981793,4.244436952124073
unknown,1,0.0,0.0,1.0
