review_score,order_count
1.0,9312
1.5,8
2.0,2916
2.5,30
3.0,7915
3.333333333333333,1
3.5,23
4.0,18868
4.333333333333333,1
4.5,53
5.0,57343
